label	cell	k	user	uid	want	status	code	retry_after	send	hdr	tok	end	latency	ttft	queue	q_outcome	width	a_ttft	flush	hub_to_agent	gen	ptok	finish	rid	tag
T1-a-c4	c4	0	usr1	4	189	200	-	-	1791020496.705	1791020497.790	1791020499.792	1791020514.766	18.061	3.087	0.000	admitted	1	2.201	0.837	0.035	189	607	length	ad0795edf25242d58b06bde865cbbc5d	2049670400
T1-a-c4	c4	1	usr2	5	230	200	-	-	1791020496.726	1791020515.845	1791020517.784	1791020536.143	39.417	21.057	18.030	admitted	1	2.160	0.817	0.039	230	641	length	d0440519a1df486fb5606b110ffce9aa	2049670401
T1-a-c4	c4	2	usr3	6	346	200	-	-	1791020496.748	1791020537.216	1791020538.216	1791020561.534	64.786	41.468	39.382	admitted	1	1.998	0.039	0.034	285	575	stop	a23f8ba870ec41149db7907ff3c450d0	2049670402
T1-a-c4	c4	3	usr4	7	130	200	-	-	1791020496.769	1791020563.930	1791020565.932	1791020575.769	79.000	69.163	64.756	admitted	1	2.271	0.840	1.285	130	677	length	07325a3bddd1466d89fabf68658282a7	2049670403
T1-a-c8	c8	0	usr1	4	189	200	-	-	1791020575.833	1791020576.534	1791020576.534	1791020592.842	17.009	0.701	0.000	admitted	1	0.535	0.115	0.035	189	607	length	c1483188ca5d473aaac908268cc3b63f	2057583200
T1-a-c8	c8	1	usr2	5	230	200	-	-	1791020575.854	1791020593.914	1791020593.914	1791020612.276	36.423	18.060	16.979	admitted	1	0.569	0.466	0.034	230	641	length	a65734c91ecf49afba448d2b1a9c9831	2057583201
T1-a-c8	c8	2	usr3	6	346	200	-	-	1791020575.875	1791020613.355	1791020613.355	1791020636.534	60.660	37.480	36.392	admitted	1	0.572	0.465	0.040	285	575	stop	d74694eb305a4c678fde85d3a2612c67	2057583202
T1-a-c8	c8	3	usr4	7	130	200	-	-	1791020575.895	1791020638.930	1791020638.930	1791020649.666	73.770	63.035	60.630	admitted	1	0.557	0.555	1.282	130	677	length	7608cd21c58f4b16b9da8906324c821e	2057583203
T1-a-c8	c8	4	usr1	8	230	200	-	-	1791020575.916	1791020650.740	1791020652.789	1791020671.152	95.236	76.873	73.742	admitted	1	2.144	0.945	0.034	230	609	length	f40bafff01094ecb9226fab6f567594c	2057583204
T1-a-c8	c8	5	usr2	9	230	200	-	-	1791020575.937	1791020672.225	1791020674.227	1791020692.698	116.762	98.290	95.207	admitted	1	2.295	0.743	0.036	230	779	length	579698d3f175417995dfc84c0d18b9e5	2057583205
T1-a-c8	c8	6	usr3	10	281	200	-	-	1791020575.958	1791020693.775	1791020695.774	1791020717.306	141.348	119.816	116.735	admitted	1	2.009	1.029	0.035	271	541	stop	5e9ef909310f4087b2257d762ac9e2e0	2057583206
T1-a-c8	c8	7	usr4	11	460	200	-	-	1791020575.979	1791020718.379	1791020720.382	1791020749.352	173.373	144.403	141.318	admitted	1	2.304	0.736	0.035	356	779	stop	4957fd9e68b14505b335cf09849848a4	2057583207
T1-a-warm	warm	0	usr1	0	281	200	-	-	1791020468.424	1791020469.508	1791020471.509	1791020494.338	25.914	3.085	0.000	admitted	1	2.344	0.695	0.035	281	711	length	5dade70185aa43e5920912ca205ce991	2036835400
T1-b-c4	c4	0	usr1	4	189	200	-	-	1791021800.539	1791021801.625	1791021803.627	1791021818.614	18.075	3.088	0.000	admitted	1	2.191	0.848	0.035	189	607	length	811f10601c134a909ab127b659c5d096	2180053800
T1-b-c4	c4	1	usr2	5	230	200	-	-	1791021800.560	1791021819.686	1791021821.550	1791021839.962	39.402	20.990	18.040	admitted	1	2.173	0.727	0.034	230	641	length	f03383ac0f0f4ccab894750ef86eb0a2	2180053801
T1-b-c4	c4	2	usr3	6	346	200	-	-	1791021800.582	1791021841.036	1791021842.036	1791021865.302	64.720	41.455	39.371	admitted	1	1.979	0.059	0.034	285	575	stop	4d02a7a7ad4b4274a1fbc7297fa5c1cf	2180053802
T1-b-c4	c4	3	usr4	7	130	200	-	-	1791021800.603	1791021867.720	1791021869.721	1791021879.628	79.025	69.117	64.689	admitted	1	2.325	0.784	1.308	130	677	length	4560d5fd0b9e45b5aa1d0f47ebd1e565	2180053803
T1-b-c8	c8	0	usr1	4	189	200	-	-	1791021879.694	1791021880.302	1791021881.554	1791021896.599	16.905	1.860	0.000	admitted	1	0.590	1.221	0.035	189	607	length	1a57706dcf5b4c2b8c9349d2fdfdd81b	2187969300
T1-b-c8	c8	1	usr2	5	230	200	-	-	1791021879.715	1791021897.672	1791021897.672	1791021916.048	36.333	17.957	16.873	admitted	1	0.605	0.433	0.034	230	641	length	d251eb4ba52744b986f958bb7099d347	2187969301
T1-b-c8	c8	2	usr3	6	346	200	-	-	1791021879.736	1791021917.133	1791021917.133	1791021940.303	60.567	37.398	36.304	admitted	1	0.579	0.469	0.035	285	575	stop	2bb15c0d4538419d81d2d40b5b535d22	2187969302
T1-b-c8	c8	3	usr4	7	130	200	-	-	1791021879.757	1791021942.685	1791021942.686	1791021953.452	73.695	62.929	60.535	admitted	1	0.558	0.551	1.272	130	677	length	bd01b3e0af68438d840092dfaa0fa219	2187969303
T1-b-c8	c8	4	usr1	8	230	200	-	-	1791021879.778	1791021954.525	1791021956.553	1791021974.864	95.086	76.776	73.665	admitted	1	2.183	0.883	0.034	230	609	length	62e24abc19b446eda4882a2d5d071d29	2187969304
T1-b-c8	c8	5	usr2	9	230	200	-	-	1791021879.798	1791021975.939	1791021977.941	1791021996.387	116.588	98.143	95.052	admitted	1	2.298	0.741	0.038	230	779	length	cf963f32422744429c404b7ece90a731	2187969305
T1-b-c8	c8	6	usr3	10	281	200	-	-	1791021879.819	1791021997.460	1791021998.460	1791022020.901	141.081	118.640	116.558	admitted	1	1.981	0.056	0.034	271	541	stop	ab11b1f73ccc406dbbf471a6ddfc2d76	2187969306
T1-b-c8	c8	7	usr4	11	460	200	-	-	1791021879.840	1791022021.974	1791022023.976	1791022053.109	173.268	144.136	141.051	admitted	1	2.292	0.748	0.034	356	779	stop	6c30d1bb89c74d3ebc863821baf7b905	2187969307
T1-b-warm	warm	0	usr1	0	281	200	-	-	1791021772.236	1791021773.321	1791021775.302	1791021798.121	25.885	3.066	0.000	admitted	1	2.328	0.690	0.035	281	711	length	0c134d44f6484b5daad8722de774ec65	2167212100
T1-c-c4	c4	0	usr1	4	189	200	-	-	1791023110.620	1791023111.708	1791023113.709	1791023128.639	18.019	3.089	0.000	admitted	1	2.211	0.828	0.035	189	607	length	ddd6b46e83dd49c681f6dffca2eab344	2311061900
T1-c-c4	c4	1	usr2	5	230	200	-	-	1791023110.641	1791023129.713	1791023131.654	1791023149.973	39.331	21.012	17.989	admitted	1	2.174	0.804	0.034	230	641	length	e6b3015a347442908567f3f81e4fcbea	2311061901
T1-c-c4	c4	2	usr3	6	346	200	-	-	1791023110.663	1791023151.045	1791023152.046	1791023175.403	64.740	41.382	39.300	admitted	1	1.978	0.059	0.034	285	575	stop	dffe16a7ee784e6da93db85411f3d8fe	2311061902
T1-c-c4	c4	3	usr4	7	130	200	-	-	1791023110.685	1791023177.784	1791023179.787	1791023189.655	78.970	69.102	64.707	admitted	1	2.337	0.775	1.271	130	677	length	85000e5fbb924ed890ea00cd53a7d9d1	2311061903
T1-c-c8	c8	0	usr1	4	189	200	-	-	1791023189.730	1791023190.403	1791023190.404	1791023206.700	16.970	0.674	0.000	admitted	1	0.543	0.080	0.034	189	607	length	2a009f67f28e479297f3ac4464a7bebc	2318972900
T1-c-c8	c8	1	usr2	5	230	200	-	-	1791023189.755	1791023207.773	1791023207.774	1791023226.096	36.342	18.019	16.934	admitted	1	0.549	0.488	0.034	230	641	length	f146d960a0714b1fbd3c975b9f31a794	2318972901
T1-c-c8	c8	2	usr3	6	346	200	-	-	1791023189.776	1791023227.169	1791023227.169	1791023250.403	60.627	37.393	36.307	admitted	1	0.572	0.465	0.036	285	575	stop	4e1443cfcad94edead0aa85b17124a10	2318972902
T1-c-c8	c8	3	usr4	7	130	200	-	-	1791023189.797	1791023252.779	1791023252.779	1791023263.551	73.754	62.982	60.592	admitted	1	0.613	0.494	1.267	130	677	length	8520e48690874a3293a952e577103ce2	2318972903
T1-c-c8	c8	4	usr1	8	230	200	-	-	1791023189.818	1791023264.622	1791023266.651	1791023285.002	95.184	76.833	73.723	admitted	1	2.153	0.913	0.034	230	609	length	378effc50fde41e5bccabf0916ed7629	2318972904
T1-c-c8	c8	5	usr2	9	230	200	-	-	1791023189.839	1791023286.078	1791023288.078	1791023306.504	116.665	98.239	95.154	admitted	1	2.314	0.725	0.036	230	779	length	ac5d1de5f755413bba30bd9fb37f6c01	2318972905
T1-c-c8	c8	6	usr3	10	281	200	-	-	1791023189.860	1791023307.579	1791023309.579	1791023331.074	141.214	119.719	116.635	admitted	1	2.003	1.037	0.033	271	541	stop	65b4b3e894be4a77bbbb49ec4dbe3ed7	2318972906
T1-c-c8	c8	7	usr4	11	460	200	-	-	1791023189.881	1791023332.149	1791023334.148	1791023363.225	173.344	144.267	141.182	admitted	1	2.305	0.734	0.034	356	779	stop	eb5edd328cd14f98bda606472eb899f8	2318972907
T1-c-warm	warm	0	usr1	0	281	200	-	-	1791023082.479	1791023083.561	1791023085.404	1791023108.204	25.725	2.926	0.000	admitted	1	2.323	0.557	0.034	281	711	length	be4c05a858a245dbb03597d4d02d7439	2298240200
T1N-a-c4	c4	0	usr1	4	189	200	-	-	1791021148.496	1791021149.582	1791021151.586	1791021166.750	18.253	3.090	0.000	admitted	1	2.187	0.853	0.034	189	607	length	61fcfffc8c5c447783f703fc7f253349	2114849500
T1N-a-c4	c4	1	usr2	5	230	200	-	-	1791021148.518	1791021167.826	1791021169.401	1791021187.940	39.422	20.883	18.221	admitted	1	2.169	0.442	0.040	230	641	length	6ab9cc0532194cc888f396c89253f660	2114849501
T1N-a-c4	c4	2	usr3	6	346	200	-	-	1791021148.539	1791021189.015	1791021190.014	1791021213.799	65.260	41.475	39.388	admitted	1	1.978	0.060	0.036	285	575	stop	4eac6fa26bf9412caf119611c302d870	2114849502
T1N-a-c4	c4	3	usr4	7	130	200	-	-	1791021148.560	1791021214.400	1791021216.796	1791021226.632	78.072	68.237	65.229	admitted	1	2.284	0.676	0.037	130	677	length	2c2c631322cb461f8e1e365e378b4641	2114849503
T1N-a-c8	c8	0	usr1	4	189	200	-	-	1791021226.709	1791021227.791	1791021227.791	1791021242.842	16.133	1.082	0.000	admitted	1	0.592	0.443	0.034	189	607	length	9e8b0cd9e7fc4dfa890580b30c968aa8	2122670800
T1N-a-c8	c8	1	usr2	5	230	200	-	-	1791021226.730	1791021243.916	1791021243.916	1791021262.874	36.144	17.186	16.102	admitted	1	0.552	0.485	0.035	230	641	length	681c668102e14e7c98844cd81c2024fb	2122670801
T1N-a-c8	c8	2	usr3	6	346	200	-	-	1791021226.751	1791021263.948	1791021263.948	1791021286.729	59.977	37.197	36.113	admitted	1	0.568	0.469	0.035	285	575	stop	3c97cb110063426e924c2601d84db862	2122670802
T1N-a-c8	c8	3	usr4	7	130	200	-	-	1791021226.772	1791021287.802	1791021287.802	1791021298.421	71.649	61.030	59.946	admitted	1	0.555	0.482	0.035	130	677	length	f88a07a115114dfbb5537153c47be6db	2122670803
T1N-a-c8	c8	4	usr1	8	230	200	-	-	1791021226.794	1791021299.494	1791021301.499	1791021319.400	92.606	74.706	71.617	admitted	1	2.143	0.900	0.034	230	609	length	f62e6c039c6b4ef4a3048df5aa561bae	2122670804
T1N-a-c8	c8	5	usr2	9	230	200	-	-	1791021226.814	1791021321.792	1791021323.795	1791021342.296	115.482	96.981	92.577	admitted	1	2.323	0.790	1.279	230	779	length	2dfc2a789cd940cab7a2b2dfd6311a1d	2122670805
T1N-a-c8	c8	6	usr3	10	281	200	-	-	1791021226.835	1791021343.368	1791021345.381	1791021366.729	139.894	118.546	115.448	admitted	1	2.006	1.043	0.036	271	541	stop	6593a8633851442489a7c932261180ce	2122670806
T1N-a-c8	c8	7	usr4	11	460	200	-	-	1791021226.856	1791021367.810	1791021369.813	1791021398.926	172.070	142.957	139.864	admitted	1	2.292	0.748	0.042	356	779	stop	ddda268c551949b78a108bcbecbee1e5	2122670807
T1N-a-warm	warm	0	usr1	0	281	200	-	-	1791021120.289	1791021121.380	1791021123.385	1791021146.075	25.786	3.095	0.000	admitted	1	2.338	0.705	0.036	281	711	length	51a3b93458014d41b98ed33f7e5b3a3c	2102021600
T1N-b-c4	c4	0	usr1	4	189	200	-	-	1791022452.011	1791022453.104	1791022455.106	1791022470.094	18.083	3.095	0.000	admitted	1	2.207	0.833	0.036	189	607	length	1df676c08e474389aa79997e26e91623	2245201000
T1N-b-c4	c4	1	usr2	5	230	200	-	-	1791022452.032	1791022471.167	1791022472.870	1791022491.395	39.363	20.838	18.051	admitted	1	2.179	0.561	0.034	230	641	length	048c93ec882b4a83ac321dbedf9f478f	2245201001
T1N-b-c4	c4	2	usr3	6	346	200	-	-	1791022452.053	1791022492.470	1791022493.469	1791022517.209	65.156	41.416	39.331	admitted	1	1.993	0.045	0.035	285	575	stop	a4023421c4ab4bcaa46b17c27b838c14	2245201002
T1N-b-c4	c4	3	usr4	7	130	200	-	-	1791022452.074	1791022517.871	1791022520.280	1791022530.186	78.111	68.206	65.125	admitted	1	2.295	0.740	0.035	130	677	length	8616902590b6461d91d8b48b471a8080	2245201003
T1N-b-c8	c8	0	usr1	4	189	200	-	-	1791022530.260	1791022531.345	1791022531.346	1791022547.113	16.853	1.086	0.000	admitted	1	0.555	0.482	0.035	189	607	length	64910a7b3ad24557957cbc36446a6735	2253025900
T1N-b-c8	c8	1	usr2	5	230	200	-	-	1791022530.281	1791022547.871	1791022547.871	1791022566.434	36.153	17.590	16.818	admitted	1	0.546	0.175	0.035	230	641	length	3833359fdbca420bad30eddefe082c19	2253025901
T1N-b-c8	c8	2	usr3	6	346	200	-	-	1791022530.302	1791022567.507	1791022567.507	1791022591.103	60.802	37.205	36.119	admitted	1	0.572	0.465	0.036	285	575	stop	8674c0eaa0fd421a83658f4d98f81541	2253025902
T1N-b-c8	c8	3	usr4	7	130	200	-	-	1791022530.323	1791022592.177	1791022592.177	1791022602.969	72.646	61.855	60.771	admitted	1	0.554	0.484	0.035	130	677	length	d1f8dd9a6e934ccf819576179a8876b5	2253025903
T1N-b-c8	c8	4	usr1	8	230	200	-	-	1791022530.344	1791022604.042	1791022606.043	1791022624.223	93.879	75.700	72.617	admitted	1	2.137	0.902	0.034	230	609	length	e5b2f1175b2d41e086224617da8951cd	2253025904
T1N-b-c8	c8	5	usr2	9	230	200	-	-	1791022530.365	1791022625.296	1791022627.299	1791022645.703	115.338	96.935	93.848	admitted	1	2.309	0.732	0.034	230	779	length	bc1e9ceb4a8e4aa58446bb902cc780ef	2253025905
T1N-b-c8	c8	6	usr3	10	281	200	-	-	1791022530.386	1791022646.782	1791022647.778	1791022670.258	139.872	117.392	115.307	admitted	1	1.990	0.048	0.036	271	541	stop	d7f41a06b8ea470dadf08434c6c7fa08	2253025906
T1N-b-c8	c8	7	usr4	11	460	200	-	-	1791022530.407	1791022671.333	1791022673.335	1791022702.243	171.836	142.927	139.842	admitted	1	2.282	0.757	0.035	356	779	stop	dbfa4ecd3c5949478753b1becff99fb7	2253025907
T1N-b-warm	warm	0	usr1	0	281	200	-	-	1791022423.874	1791022424.962	1791022426.962	1791022449.621	25.747	3.088	0.000	admitted	1	2.350	0.688	0.036	281	711	length	0901e4d528544c4894e215629b000cf2	2232380700
T1N-c-c4	c4	0	usr1	4	189	200	-	-	1791023760.979	1791023762.070	1791023764.071	1791023779.157	18.178	3.092	0.000	admitted	1	2.220	0.820	0.035	189	607	length	a06f9b0ca133483d8178648c9098582d	2376097800
T1N-c-c4	c4	1	usr2	5	230	200	-	-	1791023761.003	1791023780.228	1791023782.230	1791023800.484	39.481	21.227	18.137	admitted	1	2.183	0.855	0.034	230	641	length	ba989f64a84140799d7108c2f0d57ec6	2376097801
T1N-c-c4	c4	2	usr3	6	346	200	-	-	1791023761.024	1791023801.556	1791023802.557	1791023826.387	65.363	41.533	39.448	admitted	1	1.987	0.051	0.033	285	575	stop	d7aee000833c44b58845960069149758	2376097802
T1N-c-c4	c4	3	usr4	7	130	200	-	-	1791023761.045	1791023827.461	1791023829.326	1791023840.229	79.184	68.281	65.329	admitted	1	2.301	0.603	0.034	130	677	length	be191d1399b44aad9907ddc3e8c4c88b	2376097803
T1N-c-c8	c8	0	usr1	4	189	200	-	-	1791023840.299	1791023841.386	1791023841.386	1791023856.430	16.131	1.087	0.000	admitted	1	0.537	0.500	0.034	189	607	length	27ca4d93786e4c2ca021c58b65424b01	2384029800
T1N-c-c8	c8	1	usr2	5	230	200	-	-	1791023840.320	1791023857.502	1791023857.503	1791023876.547	36.228	17.183	16.102	admitted	1	0.604	0.433	0.034	230	641	length	aff1cae56fe1486a9d55ff1e159afbe5	2384029801
T1N-c-c8	c8	2	usr3	6	346	200	-	-	1791023840.341	1791023877.621	1791023877.621	1791023900.405	60.064	37.281	36.198	admitted	1	0.570	0.468	0.034	285	575	stop	b82c9bf1d3314db4bd2da1473f1e4af5	2384029802
T1N-c-c8	c8	3	usr4	7	130	200	-	-	1791023840.362	1791023901.477	1791023901.477	1791023912.017	71.656	61.116	60.035	admitted	1	0.558	0.478	0.034	130	677	length	44ed727175d9419d9c88d3273c52dc09	2384029803
T1N-c-c8	c8	4	usr1	8	230	200	-	-	1791023840.383	1791023913.089	1791023915.091	1791023933.078	92.696	74.709	71.626	admitted	1	2.141	0.898	0.034	230	609	length	1c2ad0313702452b86f1f4d9c8a50d8a	2384029804
T1N-c-c8	c8	5	usr2	9	230	200	-	-	1791023840.404	1791023935.454	1791023937.455	1791023955.955	115.552	97.051	92.668	admitted	1	2.291	0.820	1.265	230	779	length	9b129b5420ca4a8c8245bf225c9c0818	2384029805
T1N-c-c8	c8	6	usr3	10	281	200	-	-	1791023840.425	1791023957.028	1791023958.028	1791023980.407	139.982	117.603	115.521	admitted	1	1.994	0.044	0.034	271	541	stop	179e2bf3ffe7414394983aed7edec3ea	2384029806
T1N-c-c8	c8	7	usr4	11	460	200	-	-	1791023840.446	1791023981.479	1791023983.480	1791024012.602	172.157	143.035	139.953	admitted	1	2.313	0.726	0.032	356	779	stop	b22b50628c2149cf9d4bc5533efc0a30	2384029807
T1N-c-warm	warm	0	usr1	0	281	200	-	-	1791023733.682	1791023734.770	1791023736.770	1791023758.882	25.199	3.088	0.000	admitted	1	2.323	0.717	0.034	281	711	length	a740af56a4904f43972a39cb9aa8ed6c	2363361800
T4-a-c4	c4	0	usr1	4	189	200	-	-	1791020230.725	1791020231.897	1791020237.968	1791020263.372	32.647	7.243	0.000	admitted	4	6.097	1.096	0.036	189	607	length	56ea6c2594b247a594cff9f919e5e4df	2023072400
T4-a-c4	c4	1	usr2	5	230	200	-	-	1791020230.747	1791020231.898	1791020237.969	1791020267.930	37.184	7.222	0.000	admitted	4	6.078	1.096	0.035	230	641	length	67cea95baae14cc2b38e1571f87db21b	2023072401
T4-a-c4	c4	2	usr3	6	346	200	-	-	1791020230.767	1791020231.897	1791020237.969	1791020272.345	41.577	7.202	0.000	admitted	4	6.030	1.096	0.064	285	575	stop	eb9b913845e748b787035b94827f13dc	2023072402
T4-a-c4	c4	3	usr4	7	130	200	-	-	1791020230.788	1791020231.898	1791020239.036	1791020256.490	25.701	8.248	0.000	admitted	4	7.291	0.903	0.042	130	677	length	cfff9b6b1a344c88bc81668787e393b9	2023072403
T4-a-c8	c8	0	usr1	4	189	200	-	-	1791020272.414	1791020273.585	1791020273.588	1791020302.530	30.116	1.174	0.000	admitted	4	0.957	0.171	0.035	189	607	length	e73be7b747764c9583feae5693393a16	2027241300
T4-a-c8	c8	1	usr2	5	230	200	-	-	1791020272.436	1791020273.585	1791020273.590	1791020310.369	37.933	1.154	0.000	admitted	4	0.933	0.172	0.034	230	641	length	ff2192786503412fbf4b4fc27ec84641	2027241301
T4-a-c8	c8	2	usr3	6	346	200	-	-	1791020272.458	1791020273.585	1791020273.588	1791020318.880	46.422	1.130	0.000	admitted	4	0.891	0.171	0.055	285	575	stop	58d9b92545f94eed874511d1249b0096	2027241302
T4-a-c8	c8	3	usr4	7	130	200	-	-	1791020272.479	1791020273.587	1791020273.588	1791020292.224	19.745	1.109	0.000	admitted	4	0.868	0.170	0.060	130	677	length	da8b8027d17c4b768e3c32e6717e87db	2027241303
T4-a-c8	c8	4	usr1	8	230	200	-	-	1791020272.500	1791020293.339	1791020294.452	1791020332.726	60.226	21.951	19.714	admitted	4	1.958	0.234	0.034	230	609	length	f9734caf10054788b7f2cd0350b91f1a	2027241304
T4-a-c8	c8	5	usr2	9	230	200	-	-	1791020272.521	1791020303.667	1791020305.669	1791020339.947	67.426	33.148	30.001	admitted	4	2.397	0.707	0.034	230	779	length	0ee66006c7c54c55a3bfc44ab7c66314	2027241305
T4-a-c8	c8	6	usr3	10	281	200	-	-	1791020272.542	1791020311.548	1791020312.931	1791020348.574	76.032	40.388	37.817	admitted	4	1.822	0.704	0.033	275	541	stop	f8b28e321ba34fc2975059c723395d46	2027241306
T4-a-c8	c8	7	usr4	11	460	200	-	-	1791020272.563	1791020320.061	1791020321.131	1791020359.018	86.455	48.567	46.307	admitted	4	2.172	0.044	0.033	352	779	stop	f10ff4a1f0484d169fa2e3fb767798a9	2027241307
T4-a-warm	warm	0	usr1	0	281	200	-	-	1791020202.344	1791020203.429	1791020205.430	1791020228.361	26.017	3.086	0.000	admitted	4	2.289	0.750	0.035	281	711	length	5a2d035deae84df78f8fe7c66b3cc5ec	2010226700
T4-b-c4	c4	0	usr1	4	189	200	-	-	1791021534.513	1791021535.670	1791021541.628	1791021567.030	32.517	7.115	0.000	admitted	4	6.077	0.982	0.037	189	607	length	de3d4f3fae224287bfa722d5f1be07af	2153451200
T4-b-c4	c4	1	usr2	5	230	200	-	-	1791021534.537	1791021535.670	1791021541.628	1791021571.607	37.070	7.091	0.000	admitted	4	6.056	0.983	0.034	230	641	length	012fc3727f7448ea86c847bf17d553a4	2153451201
T4-b-c4	c4	2	usr3	6	346	200	-	-	1791021534.558	1791021535.670	1791021541.624	1791021576.019	41.461	7.066	0.000	admitted	4	6.031	0.983	0.035	285	575	stop	6b53f6d71a554657941c57249a0f6dd0	2153451202
T4-b-c4	c4	3	usr4	7	130	200	-	-	1791021534.579	1791021535.669	1791021542.700	1791021560.132	25.553	8.121	0.000	admitted	4	7.269	0.800	0.036	130	677	length	ba23723c656946f5ad1eb77e1a8ae1cb	2153451203
T4-b-c8	c8	0	usr1	4	189	200	-	-	1791021576.103	1791021577.257	1791021577.257	1791021605.444	29.340	1.154	0.000	admitted	4	0.956	0.149	0.035	189	607	length	9b24539d81cc4c4d8ff48d9fcdeb704d	2157610200
T4-b-c8	c8	1	usr2	5	230	200	-	-	1791021576.127	1791021577.256	1791021577.258	1791021614.217	38.090	1.131	0.000	admitted	4	0.936	0.149	0.034	230	641	length	a87e65119c7044cba0831a71f71f77ae	2157610201
T4-b-c8	c8	2	usr3	6	346	200	-	-	1791021576.148	1791021577.257	1791021577.257	1791021622.608	46.460	1.109	0.000	admitted	4	0.911	0.149	0.034	285	575	stop	9baa376903b347caac47b6ff5d1afd71	2157610202
T4-b-c8	c8	3	usr4	7	130	200	-	-	1791021576.169	1791021577.257	1791021577.257	1791021595.961	19.791	1.088	0.000	admitted	4	0.889	0.149	0.039	130	677	length	5b3dce183fbd4407b17e72c233baad6b	2157610203
T4-b-c8	c8	4	usr1	8	230	200	-	-	1791021576.190	1791021597.075	1791021598.192	1791021636.355	60.165	22.002	19.761	admitted	4	1.967	0.227	0.033	230	609	length	17448cea33e34ee1b8ae7f880706e2b3	2157610204
T4-b-c8	c8	5	usr2	9	230	200	-	-	1791021576.211	1791021606.517	1791021608.533	1791021642.245	66.034	32.322	29.225	admitted	4	2.464	0.580	0.033	230	779	length	8932c8af825e4b31b628e226c0328118	2157610205
T4-b-c8	c8	6	usr3	10	281	200	-	-	1791021576.232	1791021615.292	1791021616.550	1791021651.130	74.899	40.319	37.976	admitted	4	1.616	0.675	0.040	266	541	stop	eb7f5d17f8204863a8959035d11d13b5	2157610206
T4-b-c8	c8	7	usr4	11	460	200	-	-	1791021576.253	1791021622.836	1791021624.900	1791021663.046	86.793	48.647	46.346	admitted	4	2.132	0.122	0.036	356	779	stop	60b629850db043a8aa25cbdfedbf8a45	2157610207
T4-b-warm	warm	0	usr1	0	281	200	-	-	1791021506.442	1791021507.531	1791021509.533	1791021532.100	25.658	3.091	0.000	admitted	4	2.303	0.736	0.035	281	711	length	84991eae06a743a4b2e90f05484d9016	2140635700
T4-c-c4	c4	0	usr1	4	189	200	-	-	1791022840.038	1791022841.193	1791022846.424	1791022872.918	32.880	6.387	0.000	admitted	4	6.077	0.258	0.036	189	607	length	0d96c5fd2cd647c78f3fff98abf9fa56	2284003600
T4-c-c4	c4	1	usr2	5	230	200	-	-	1791022840.059	1791022841.192	1791022846.424	1791022876.545	36.486	6.365	0.000	admitted	4	6.061	0.258	0.034	230	641	length	48cd79aa31d145adb295dfd85506d8a5	2284003601
T4-c-c4	c4	2	usr3	6	346	200	-	-	1791022840.080	1791022841.192	1791022846.424	1791022886.256	46.176	6.344	0.000	admitted	4	6.039	0.258	0.033	346	575	length	87849dcb52574d10b63f278fc7a67da1	2284003602
T4-c-c4	c4	3	usr4	7	130	200	-	-	1791022840.101	1791022841.193	1791022848.427	1791022866.031	25.930	8.326	0.000	admitted	4	7.272	1.000	0.044	130	677	length	46bc6c43332f49459dfa11c0fdaffe3a	2284003603
T4-c-c8	c8	0	usr1	4	189	200	-	-	1791022886.338	1791022887.497	1791022887.497	1791022916.536	30.198	1.159	0.000	admitted	4	0.972	0.133	0.034	189	607	length	37f224d7c7354ce4ad888c22c98c9665	2288633500
T4-c-c8	c8	1	usr2	5	230	200	-	-	1791022886.360	1791022887.496	1791022887.497	1791022924.135	37.775	1.137	0.000	admitted	4	0.960	0.133	0.033	230	641	length	3040f5ca6aa644eb826ebe53f50b7fee	2288633501
T4-c-c8	c8	2	usr3	6	346	200	-	-	1791022886.381	1791022887.496	1791022887.496	1791022932.058	45.676	1.115	0.000	admitted	4	0.938	0.132	0.033	278	575	stop	1eed3f1d25bb414b827fbeba8faf4ae9	2288633502
T4-c-c8	c8	3	usr4	7	130	200	-	-	1791022886.402	1791022887.497	1791022887.497	1791022906.443	20.041	1.094	0.000	admitted	4	0.906	0.132	0.046	130	677	length	603f643cb5f44a5a98f084d87f7639b6	2288633503
T4-c-c8	c8	4	usr1	8	230	200	-	-	1791022886.423	1791022906.580	1791022908.622	1791022947.143	60.720	22.199	20.009	admitted	4	1.964	0.181	0.033	230	609	length	db9f7d358a7a444c80973029e221c4eb	2288633504
T4-c-c8	c8	5	usr2	9	230	200	-	-	1791022886.444	1791022917.713	1791022920.301	1791022953.925	67.480	33.857	30.081	admitted	4	2.471	1.260	0.034	230	779	length	48f8a346bd954acfbe3a64cb05b3a11a	2288633505
T4-c-c8	c8	6	usr3	10	281	200	-	-	1791022886.465	1791022925.251	1791022926.214	1791022962.085	75.619	39.748	37.661	admitted	4	1.554	0.485	0.033	281	541	length	0907efd13a3f4ba9b816b749be9ab8d2	2288633506
T4-c-c8	c8	7	usr4	11	460	200	-	-	1791022886.487	1791022933.142	1791022935.306	1791022973.063	86.576	48.819	45.558	admitted	4	2.326	0.882	0.041	356	779	stop	9a12becf2b9841b988260d1ec9939f25	2288633507
T4-c-warm	warm	0	usr1	0	281	200	-	-	1791022809.937	1791022813.500	1791022815.306	1791022838.000	28.064	5.370	0.000	admitted	4	2.297	0.547	0.035	281	711	length	c5e318bd78d549a2995ace8f4c37351c	2270986600
T4N-a-c4	c4	0	usr1	4	189	200	-	-	1791020884.806	1791020885.988	1791020891.856	1791020917.100	32.294	7.050	0.000	admitted	4	6.062	0.932	0.034	189	607	length	8592efb6e98a498a9cda55a607584cf2	2088480500
T4N-a-c4	c4	1	usr2	5	230	200	-	-	1791020884.830	1791020885.987	1791020891.848	1791020921.823	36.993	7.018	0.000	admitted	4	6.033	0.933	0.034	230	641	length	d77b03f077b245f1a18fbe58f257b35c	2088480501
T4N-a-c4	c4	2	usr3	6	346	200	-	-	1791020884.851	1791020885.987	1791020891.856	1791020926.142	41.291	7.004	0.000	admitted	4	5.988	0.933	0.035	285	575	stop	e7b8083e512c4a1ba9140cb6bff72083	2088480502
T4N-a-c4	c4	3	usr4	7	130	200	-	-	1791020884.876	1791020885.988	1791020892.926	1791020910.405	25.529	8.049	0.000	admitted	4	7.225	0.753	0.044	130	677	length	edd0c7b0da71465ea9032cc601c7f366	2088480503
T4N-a-c8	c8	0	usr1	4	189	200	-	-	1791020926.220	1791020927.391	1791020927.391	1791020956.356	30.136	1.172	0.000	admitted	4	0.951	0.168	0.035	189	607	length	fd7cb89cbaf54b1796b048071072870b	2092621900
T4N-a-c8	c8	1	usr2	5	230	200	-	-	1791020926.241	1791020927.391	1791020927.391	1791020964.243	38.002	1.150	0.000	admitted	4	0.934	0.168	0.034	230	641	length	872c37d7e78b4568b8bd5d0b503d4175	2092621901
T4N-a-c8	c8	2	usr3	6	346	200	-	-	1791020926.262	1791020927.391	1791020927.391	1791020973.761	47.499	1.129	0.000	admitted	4	0.884	0.167	0.066	285	575	stop	8701ba5179be4b499aba9713c62cd2d3	2092621902
T4N-a-c8	c8	3	usr4	7	130	200	-	-	1791020926.283	1791020927.391	1791020927.391	1791020945.928	19.645	1.108	0.000	admitted	4	0.885	0.168	0.046	130	677	length	6a9d6c2b84e94715a9c73ff2da595270	2092621903
T4N-a-c8	c8	4	usr1	8	230	200	-	-	1791020926.304	1791020947.001	1791020948.001	1791020986.505	60.201	21.697	19.614	admitted	4	1.965	0.073	0.033	230	609	length	ecd388b5f91849919432725fd834a38c	2092621904
T4N-a-c8	c8	5	usr2	9	230	200	-	-	1791020926.325	1791020957.495	1791020959.497	1791020993.531	67.206	33.172	30.021	admitted	4	2.465	0.641	0.033	230	779	length	8c17c2fa34294bd39df494c16f9acf1b	2092621905
T4N-a-c8	c8	6	usr3	10	281	200	-	-	1791020926.346	1791020964.424	1791020966.759	1791021002.521	76.175	40.414	37.885	admitted	4	1.776	0.702	0.037	281	541	length	e179c4d2b1c3483d9dd86f3af2036c2f	2092621906
T4N-a-c8	c8	7	usr4	11	460	200	-	-	1791020926.367	1791020974.944	1791020977.015	1791021012.987	86.620	50.648	47.386	admitted	4	2.194	1.025	0.034	356	779	stop	5154a187fd8b45cb8c722fc98f26406f	2092621907
T4N-a-warm	warm	0	usr1	0	281	200	-	-	1791020856.536	1791020857.619	1791020859.621	1791020882.319	25.783	3.085	0.000	admitted	4	2.298	0.741	0.035	281	711	length	e2d3795225d0444b8500f7cb2fac37f6	2075646300
T4N-b-c4	c4	0	usr1	4	189	200	-	-	1791022188.385	1791022189.541	1791022195.171	1791022220.686	32.301	6.785	0.000	admitted	4	6.090	0.645	0.035	189	607	length	fb5dcbc7e8954f3fb65e10d1fbd506f2	2218838400
T4N-b-c4	c4	1	usr2	5	230	200	-	-	1791022188.406	1791022189.542	1791022195.170	1791022225.082	36.676	6.764	0.000	admitted	4	6.073	0.646	0.034	230	641	length	130a0622d0ce4c2db0117a871dff22ab	2218838401
T4N-b-c4	c4	2	usr3	6	346	200	-	-	1791022188.427	1791022189.541	1791022195.170	1791022229.799	41.372	6.743	0.000	admitted	4	6.052	0.646	0.034	285	575	stop	29eb9f13af7d4a738307be364fd812cb	2218838402
T4N-b-c4	c4	3	usr4	7	130	200	-	-	1791022188.448	1791022189.542	1791022196.355	1791022213.906	25.458	7.907	0.000	admitted	4	7.280	0.570	0.042	130	677	length	3e9d61746d9c418abde78c5ef9737f1f	2218838403
T4N-b-c8	c8	0	usr1	4	189	200	-	-	1791022229.878	1791022231.029	1791022231.029	1791022259.958	30.081	1.152	0.000	admitted	4	0.955	0.148	0.034	189	607	length	d6228dbf475b40109e0391ed772d87b1	2222987600
T4N-b-c8	c8	1	usr2	5	230	200	-	-	1791022229.899	1791022231.030	1791022231.030	1791022267.740	37.842	1.132	0.000	admitted	4	0.938	0.147	0.034	230	641	length	6d3c87f2b84849c2a39a9476e9ff138b	2222987601
T4N-b-c8	c8	2	usr3	6	346	200	-	-	1791022229.919	1791022231.029	1791022231.029	1791022276.271	46.352	1.110	0.000	admitted	4	0.919	0.148	0.033	285	575	stop	55a3513da3bb46ec8cc840948c81970c	2222987602
T4N-b-c8	c8	3	usr4	7	130	200	-	-	1791022229.940	1791022231.030	1791022231.030	1791022249.596	19.656	1.090	0.000	admitted	4	0.890	0.147	0.040	130	677	length	bec7d589d0ab4c3d8aa5d53f0ac68a85	2222987603
T4N-b-c8	c8	4	usr1	8	230	200	-	-	1791022229.961	1791022250.709	1791022251.668	1791022290.029	60.068	21.707	19.624	admitted	4	1.955	0.083	0.033	230	609	length	e27975efe6324a238b4779bea7a59121	2222987604
T4N-b-c8	c8	5	usr2	9	230	200	-	-	1791022229.984	1791022261.101	1791022263.100	1791022297.123	67.140	33.117	29.967	admitted	4	2.468	0.639	0.033	230	779	length	4eaf866c3831402c80a84c0c34b3c000	2222987605
T4N-b-c8	c8	6	usr3	10	281	200	-	-	1791022230.006	1791022268.855	1791022269.814	1791022303.909	73.903	39.808	37.724	admitted	4	1.536	0.501	0.034	266	541	stop	cca4c757a8334fa9ad3b222a64f49ddb	2222987606
T4N-b-c8	c8	7	usr4	11	460	200	-	-	1791022230.027	1791022277.385	1791022278.455	1791022316.465	86.439	48.428	46.236	admitted	4	2.092	0.055	0.034	356	779	stop	5e1a1d92e7044887b8a85995be51ed0b	2222987607
T4N-b-warm	warm	0	usr1	0	281	200	-	-	1791022160.491	1791022161.584	1791022163.589	1791022185.899	25.409	3.098	0.000	admitted	4	2.309	0.731	0.036	281	711	length	a2541a6c90e14ae38cffe36164edc177	2206042400
T4N-c-c4	c4	0	usr1	4	189	200	-	-	1791023498.210	1791023499.370	1791023505.034	1791023530.614	32.404	6.824	0.000	admitted	4	6.093	0.676	0.036	189	607	length	89da91f9b5d54ff98c0266a15ce4609d	2349820900
T4N-c-c4	c4	1	usr2	5	230	200	-	-	1791023498.232	1791023499.369	1791023505.034	1791023535.077	36.846	6.803	0.000	admitted	4	6.078	0.677	0.036	230	641	length	bd4a5fce537c464bb8654cc0fc8f63c9	2349820901
T4N-c-c4	c4	2	usr3	6	346	200	-	-	1791023498.253	1791023499.369	1791023505.034	1791023539.626	41.373	6.781	0.000	admitted	4	6.058	0.677	0.033	285	575	stop	788d6c7e7b8349479193c665c9dc99b9	2349820902
T4N-c-c4	c4	3	usr4	7	130	200	-	-	1791023498.274	1791023499.370	1791023506.294	1791023524.834	26.560	8.020	0.000	admitted	4	7.287	0.675	0.046	130	677	length	737bb4d1743f412b993265ad6e88cd3a	2349820903
T4N-c-c8	c8	0	usr1	4	189	200	-	-	1791023539.698	1791023540.853	1791023540.853	1791023569.886	30.188	1.155	0.000	admitted	4	0.956	0.149	0.034	189	607	length	6c6f9df61ae2424ca9e4385e470a604d	2353969700
T4N-c-c8	c8	1	usr2	5	230	200	-	-	1791023539.719	1791023540.853	1791023540.853	1791023577.575	37.856	1.134	0.000	admitted	4	0.940	0.148	0.033	230	641	length	0e1f4f19413045c49fae92d0a5ca5f94	2353969701
T4N-c-c8	c8	2	usr3	6	346	200	-	-	1791023539.740	1791023540.852	1791023540.852	1791023586.182	46.442	1.112	0.000	admitted	4	0.920	0.149	0.033	285	575	stop	724b2a3a41e54bc0a556fcbb90a2d136	2353969702
T4N-c-c8	c8	3	usr4	7	130	200	-	-	1791023539.761	1791023540.853	1791023540.853	1791023559.594	19.833	1.092	0.000	admitted	4	0.890	0.149	0.043	130	677	length	f5bbd7b589cf4be28b40f6b982476249	2353969703
T4N-c-c8	c8	4	usr1	8	230	200	-	-	1791023539.783	1791023560.707	1791023561.819	1791023599.833	60.050	22.036	19.803	admitted	4	1.946	0.244	0.032	230	609	length	3cac16eb1e2b42b0aa31762aa4c01716	2353969704
T4N-c-c8	c8	5	usr2	9	230	200	-	-	1791023539.804	1791023570.998	1791023572.961	1791023606.881	67.078	33.158	30.070	admitted	4	2.425	0.615	0.033	230	779	length	6752bf2124c4422aa982484720491eec	2353969705
T4N-c-c8	c8	6	usr3	10	281	200	-	-	1791023539.825	1791023578.688	1791023579.647	1791023614.780	74.955	39.822	37.740	admitted	4	1.581	0.457	0.033	266	541	stop	bf7852b0d2b74367b7734e610f707335	2353969706
T4N-c-c8	c8	7	usr4	11	460	200	-	-	1791023539.846	1791023587.294	1791023589.255	1791023626.320	86.473	49.408	46.326	admitted	4	2.081	0.958	0.032	356	779	stop	a00e63a6df2844449d66a9427646882c	2353969707
T4N-c-warm	warm	0	usr1	0	281	200	-	-	1791023470.615	1791023471.704	1791023473.709	1791023495.835	25.220	3.094	0.000	admitted	4	2.310	0.731	0.035	281	711	length	65982c5c7f13420f89da773782c7145b	2337054100
burst-q1-a	burst	0	usr1	-	32	200	-	-	1791019667.632	1791019668.737	1791019668.737	1791019671.003	3.371	1.106	0.000	admitted	1	0.612	0.424	0.035	32	47	length	94cd7dd6b5224a1ab5b750a03b1678a4	1966763100
burst-q1-a	burst	1	usr1	-	32	200	-	-	1791019667.701	1791019678.404	1791019678.404	1791019680.704	13.003	10.702	9.579	admitted	1	0.092	0.968	0.035	32	47	length	3088db99a8d44d08afd4c04f11fc4be8	1966763101
burst-q1-a	burst	2	usr2	-	32	200	-	-	1791019667.752	1791019672.103	1791019672.103	1791019674.004	6.251	4.351	3.198	admitted	1	0.104	0.960	0.035	32	47	length	cb6942b39b6e4347b9865e47b7546447	1966763102
burst-q1-a	burst	3	usr2	-	32	200	-	-	1791019667.803	1791019681.807	1791019681.807	1791019684.007	16.204	14.004	12.893	admitted	1	0.091	0.974	0.035	32	47	length	d0c9782db4a44abb9d066d1c35154e66	1966763103
burst-q1-a	burst	4	usr3	-	32	200	-	-	1791019667.854	1791019675.104	1791019675.104	1791019677.306	9.452	7.250	6.091	admitted	1	0.091	0.973	0.035	32	47	length	11cfe7dedf0340728ed596c6d0387f62	1966763104
burst-q1-a	burst	5	usr3	-	32	200	-	-	1791019667.905	1791019685.117	1791019685.117	1791019687.402	19.497	17.213	16.079	admitted	1	0.093	0.981	0.035	32	47	length	47e8991a662146bea7302bd6eef18bfa	1966763105
busy-q1-holder	long	0	usr1	3	460	200	-	-	1791019696.601	1791019697.703	1791019699.704	1791019727.805	31.204	3.102	0.000	admitted	1	2.055	1.001	0.035	347	607	stop	f10bfe53d613444d9a806fa1a7b3ff1b	1969656600
busy-q1-waiter	burst	0	usr2	-	32	200	-	-	1791019698.606	1791019728.904	1791019728.904	1791019732.179	33.573	30.297	29.169	admitted	1	0.412	0.652	0.035	32	47	length	ec5b889f42e746a09dbf91429c32b861	1969860500
busy-q1-holder2	burst	0	usr1	-	600	200	-	-	1791019741.189	1791019742.286	1791019742.286	1791019790.824	49.635	1.096	0.000	admitted	1	0.096	0.943	0.036	600	47	length	1b52631cdd9547449c553f4d476eb9d6	1974118800
busy-q1-waiter2	burst	0	usr2	-	32	503	pool_busy	1	1791019743.195	1791019773.214	-	1791019773.214	30.019	-	30.000	busy	1	-	-	-	-	-	-	-	1974319400
hangup-q1-holder	burst	0	usr1	-	300	200	-	-	1791019799.707	1791019800.793	1791019800.793	1791019824.990	25.282	1.085	0.000	admitted	1	0.305	0.733	0.035	300	47	length	8713888ed6524c0faf7d334cc633be5a	1979970600
hangup-q1-next	burst	0	usr3	-	32	200	-	-	1791019808.909	1791019826.066	1791019826.066	1791019828.207	19.299	17.157	16.058	admitted	1	0.097	0.940	0.036	32	47	length	a6194274f9724afa967f1b3a509241fe	1980890800
hangup-q1	hangup	0	usr2	-	32	client_closed	-	-	1791019801.795	-	-	1791019806.821	5.026	-	4.937	CancelledError	1	-	-	-	-	-	-	-	1980179300
warm-q1	warm	0	usr1	0	281	200	-	-	1791019588.572	1791019596.941	1791019598.807	1791019621.913	33.341	10.235	0.000	admitted	1	2.333	0.571	0.036	281	711	length	cebe1be595e148a189376ffa9d9fd9f7	1946343500
burst-q4-a	burst	0	usr1	-	32	200	-	-	1791020011.465	1791020013.194	1791020013.194	1791020017.726	6.261	1.730	0.000	admitted	4	0.983	0.126	0.605	32	47	length	639a97f213174da894888549096abc6f	2001146400
burst-q4-a	burst	1	usr1	-	32	200	-	-	1791020011.517	1791020013.193	1791020013.193	1791020017.726	6.208	1.676	0.000	admitted	4	0.981	0.126	0.555	32	47	length	579c54b7e1b44c50952355568b3a2926	2001146401
burst-q4-a	burst	2	usr2	-	32	200	-	-	1791020011.569	1791020013.194	1791020013.194	1791020017.725	6.156	1.625	0.000	admitted	4	0.978	0.126	0.507	32	47	length	241b7904e93e426791ed18300013753a	2001146402
burst-q4-a	burst	3	usr2	-	32	200	-	-	1791020011.620	1791020013.194	1791020013.194	1791020017.727	6.106	1.574	0.000	admitted	4	0.975	0.126	0.455	32	47	length	46619bd0665747f8b018b7d875740540	2001146403
burst-q4-a	burst	4	usr3	-	32	200	-	-	1791020011.672	1791020017.860	1791020018.860	1791020023.079	11.407	7.189	6.041	admitted	4	0.160	0.938	0.035	32	47	length	32b16876d0c648979ce3c2263ad3555b	2001146404
burst-q4-a	burst	5	usr3	-	32	200	-	-	1791020011.723	1791020017.861	1791020018.860	1791020023.146	11.423	7.138	5.996	admitted	4	0.157	0.938	0.038	32	47	length	3729e6d6e01d49fbbf191f319b5884ed	2001146405
burst-q4-a	burst	6	usr4	-	32	200	-	-	1791020011.774	1791020017.861	1791020018.861	1791020023.148	11.375	7.087	5.944	admitted	4	0.159	0.938	0.036	32	47	length	5dd39baa208f4d9b8258603d04bb480e	2001146406
burst-q4-a	burst	7	usr4	-	32	200	-	-	1791020011.824	1791020018.861	1791020018.861	1791020023.148	11.324	7.037	5.893	admitted	4	0.296	0.797	0.039	32	47	length	1e0e044988814010a9dd96887a5a8dc1	2001146407
hangup-q4-holders	burst	0	usr1	-	150	200	-	-	1791020042.436	1791020042.545	1791020043.588	1791020064.105	21.669	1.151	0.000	admitted	4	0.125	0.965	0.035	150	47	length	b60b1b0f70a04172abb5ef7b93fd67be	2004243500
hangup-q4-holders	burst	1	usr2	-	150	200	-	-	1791020042.461	1791020043.696	1791020043.696	1791020064.105	21.644	1.235	0.000	admitted	4	0.257	0.929	0.035	150	47	length	7a430639c449425b92f48a609a4231d6	2004243501
hangup-q4-holders	burst	2	usr3	-	150	200	-	-	1791020042.484	1791020043.697	1791020043.697	1791020064.106	21.622	1.213	0.000	admitted	4	0.238	0.928	0.034	150	47	length	3ba66deb52ff4e18b7e492ca007c9974	2004243502
hangup-q4-holders	burst	3	usr4	-	150	200	-	-	1791020042.505	1791020043.696	1791020043.696	1791020064.104	21.599	1.191	0.000	admitted	4	0.214	0.928	0.034	150	47	length	c3ef87700f644fae94b06882fdba1f44	2004243503
hangup-q4-next	burst	0	usr2	-	32	200	-	-	1791020050.518	1791020065.177	1791020065.177	1791020067.319	16.801	14.660	13.576	admitted	4	0.163	0.873	0.035	32	47	length	41b7853b06094afba51d8a17413974c9	2005051600
hangup-q4	hangup	0	usr1	-	32	client_closed	-	-	1791020044.438	-	-	1791020049.442	5.004	-	4.993	CancelledError	4	-	-	-	-	-	-	-	2004443700
warm-q4	warm	0	usr1	0	281	200	-	-	1791019976.172	1791019977.259	1791019979.260	1791020001.511	25.339	3.089	0.000	admitted	4	2.315	0.724	0.036	281	711	length	1957d4620df74ab28d5f6e151bfb712b	1987602600
